year,StockID,StockLongName,spwn,hvst
1986,1,Nooksack River Wild UnMarked,249.99596,6293.562145
1986,11,Samish River Wild UnMarked,3099.933292,18261.474609
1986,17,Skagit River Wild UnMarked,50849.808524,106367.059349
1986,23,Baker (Skagit) Wild UnMarked,2858.815709,5980.0386849999995
1986,29,Stillaguamish River Wild UnMarked,12539.966584,25835.318762
1986,35,Snohomish River Wild UnMarked,58677.136058,87801.781902
1986,45,Area 12/12B Wild UnMarked,8932.850627,30284.664569
1986,51,Area 12A Wild UnMarked,249.927277,1707.5987320000002
1986,55,Area 12C/12D Wild UnMarked,9838.9367,38148.994487
1986,59,Skokomish River Wild UnMarked,1715.98353,8088.679005
1986,61,Area 13B Miscellaneous Wild UnMarked,2399.931134,10531.610209
1986,63,Deschutes River (WA) Wild UnMarked,2325.377059,6532.948437
1986,69,Nisqually River Wild UnMarked,849.969247,18782.000902
1986,75,Area 13 Miscellaneous Wild UnMarked,399.964268,1779.497083
1986,81,Area 13A Miscellaneous Wild UnMarked,74.953452,625.639832
1986,85,Puyallup River Wild UnMarked,849.991921,28684.853506
1986,89,Area 11 Miscellaneous Wild UnMarked,349.924384,1335.98605
1986,93,Area 10E Miscellaneous Wild UnMarked,1749.980709,7545.2992
1986,97,Green River Wild UnMarked,1034.985838,9852.334427
1986,101,Lake Washington Wild UnMarked,2999.956536,27355.057056
1986,105,Area 10 Miscellaneous Wild UnMarked,399.894396,888.119801
1986,107,Dungeness River Wild UnMarked,161.960959,1910.273705
1986,111,Elwha River Wild UnMarked,284.978246,1634.536439
1986,115,East JDF Miscellaneous Wild UnMarked,1954.527735,4238.518468
1986,117,West JDF Miscellaneous Wild UnMarked,4672.842386,10450.789159
1986,127,Quillayute River Summer Natural UnMarked,349.999398,7736.460889
1986,131,Quillayute River Fall Natural UnMarked,5431.001036,13322.595973
1986,135,Hoh River Wild UnMarked,2135.028033,7253.912606
1986,139,Queets River Fall Natural UnMarked,2599.91992,10169.904499
1986,145,Quinault River Fall Natural UnMarked,2399.845413,5032.207147
1986,149,Chehalis River Wild UnMarked,12927.44128,38528.869496
1986,153,Humptulips River Wild UnMarked,1008.485835,9014.673951
1986,157,Grays Harbor Miscellaneous Wild UnMarked,691.524116,1050.175223
1986,161,Willapa Bay Natural UnMarked,5784.506708,25105.212904
1987,1,Nooksack River Wild UnMarked,2749.96904,38902.370486
1987,11,Samish River Wild UnMarked,3549.948538,20365.138609
1987,17,Skagit River Wild UnMarked,56001.726972,69917.504545
1987,23,Baker (Skagit) Wild UnMarked,2057.855648,2569.208836
1987,29,Stillaguamish River Wild UnMarked,7426.495664,23070.432972
1987,35,Snohomish River Wild UnMarked,46638.733113,90669.272748
1987,45,Area 12/12B Wild UnMarked,3643.472195,22400.465656
1987,51,Area 12A Wild UnMarked,211.995055,8146.823802
1987,55,Area 12C/12D Wild UnMarked,4012.953476,34230.839778
1987,59,Skokomish River Wild UnMarked,1754.950339,20032.318051
1987,61,Area 13B Miscellaneous Wild UnMarked,2449.85938,5552.3321000000005
1987,63,Deschutes River (WA) Wild UnMarked,5196.49844,8496.225398
1987,69,Nisqually River Wild UnMarked,3100.010437,28620.122327
1987,75,Area 13 Miscellaneous Wild UnMarked,400.013013,3588.260461
1987,81,Area 13A Miscellaneous Wild UnMarked,449.934019,3029.064884
1987,85,Puyallup River Wild UnMarked,3099.978664,62240.901547
1987,89,Area 11 Miscellaneous Wild UnMarked,250.045238,492.966791
1987,93,Area 10E Miscellaneous Wild UnMarked,1300.022359,8707.973062000001
1987,97,Green River Wild UnMarked,1544.992977,18039.886075
1987,101,Lake Washington Wild UnMarked,4999.933575,33458.857592
1987,105,Area 10 Miscellaneous Wild UnMarked,299.925121,349.328025
1987,107,Dungeness River Wild UnMarked,112.000689,1479.763312
1987,111,Elwha River Wild UnMarked,165.942875,1353.8567950000001
1987,115,East JDF Miscellaneous Wild UnMarked,884.255442,818.6533539999999
1987,117,West JDF Miscellaneous Wild UnMarked,3799.739475,3576.210666
1987,127,Quillayute River Summer Natural UnMarked,299.985591,2292.5286380000002
1987,131,Quillayute River Fall Natural UnMarked,5789.288955,11400.297273
1987,135,Hoh River Wild UnMarked,1758.040295,5524.809227
1987,139,Queets River Fall Natural UnMarked,2349.925914,5784.12653
1987,145,Quinault River Fall Natural UnMarked,1099.895928,3845.708183
1987,149,Chehalis River Wild UnMarked,8496.388596,21476.983678
1987,153,Humptulips River Wild UnMarked,833.026613,1876.621247
1987,157,Grays Harbor Miscellaneous Wild UnMarked,483.986723,366.45678
1987,161,Willapa Bay Natural UnMarked,1715.513665,9521.238544
1988,1,Nooksack River Wild UnMarked,249.988452,4878.427715
1988,11,Samish River Wild UnMarked,3199.927802,14492.259743999999
1988,17,Skagit River Wild UnMarked,32149.772851,65082.366825000005
1988,23,Baker (Skagit) Wild UnMarked,1395.808131,2825.603053
1988,29,Stillaguamish River Wild UnMarked,7253.915496,19604.817878
1988,35,Snohomish River Wild UnMarked,37923.761366,83885.011701
1988,45,Area 12/12B Wild UnMarked,2261.977083,7414.687411
1988,51,Area 12A Wild UnMarked,135.528158,653.817613
1988,55,Area 12C/12D Wild UnMarked,2491.410179,9244.693446
1988,59,Skokomish River Wild UnMarked,973.892155,3009.361161
1988,61,Area 13B Miscellaneous Wild UnMarked,4449.965694,14535.230098
1988,63,Deschutes River (WA) Wild UnMarked,3799.893681,9855.779276000001
1988,69,Nisqually River Wild UnMarked,2099.953186,20885.530708
1988,75,Area 13 Miscellaneous Wild UnMarked,649.903233,2334.399354
1988,81,Area 13A Miscellaneous Wild UnMarked,74.934089,470.086876
1988,85,Puyallup River Wild UnMarked,2099.997972,28943.031891
1988,89,Area 11 Miscellaneous Wild UnMarked,149.921986,341.098023
1988,93,Area 10E Miscellaneous Wild UnMarked,699.976966,8512.860599
1988,97,Green River Wild UnMarked,1786.495695,10700.471945
1988,101,Lake Washington Wild UnMarked,2499.927711,18200.062106
1988,105,Area 10 Miscellaneous Wild UnMarked,149.830676,330.370872
1988,107,Dungeness River Wild UnMarked,268.485178,1483.727346
1988,111,Elwha River Wild UnMarked,105.494145,384.28497
1988,115,East JDF Miscellaneous Wild UnMarked,1264.76335,1934.568234
1988,117,West JDF Miscellaneous Wild UnMarked,3034.890051,4685.551177
1988,127,Quillayute River Summer Natural UnMarked,449.899244,740.804964
1988,131,Quillayute River Fall Natural UnMarked,3608.923411,3304.518995
1988,135,Hoh River Wild UnMarked,1174.924641,8982.463885
1988,139,Queets River Fall Natural UnMarked,2149.882266,7160.35155
1988,145,Quinault River Fall Natural UnMarked,599.879773,1551.447703
1988,149,Chehalis River Wild UnMarked,23341.54746,15681.529087
1988,153,Humptulips River Wild UnMarked,4692.543527,4841.300525
1988,157,Grays Harbor Miscellaneous Wild UnMarked,385.547555,212.711588
1988,161,Willapa Bay Natural UnMarked,2384.402465,14327.244459
1989,1,Nooksack River Wild UnMarked,300.008083,6243.352909
1989,11,Samish River Wild UnMarked,1499.936504,13027.560258
1989,17,Skagit River Wild UnMarked,32199.88681,72601.565868
1989,23,Baker (Skagit) Wild UnMarked,1604.353734,3617.360333
1989,29,Stillaguamish River Wild UnMarked,3495.408546,10278.490061
1989,35,Snohomish River Wild UnMarked,47254.686726,92802.953899
1989,45,Area 12/12B Wild UnMarked,3244.517025,12325.55443
1989,51,Area 12A Wild UnMarked,225.986953,1886.387293
1989,55,Area 12C/12D Wild UnMarked,3573.453346,16373.476508
1989,59,Skokomish River Wild UnMarked,467.016268,4744.770503
1989,61,Area 13B Miscellaneous Wild UnMarked,1249.983143,6151.2469169999995
1989,63,Deschutes River (WA) Wild UnMarked,500.028693,2165.000237
1989,69,Nisqually River Wild UnMarked,649.968353,9092.037902
1989,75,Area 13 Miscellaneous Wild UnMarked,199.982991,1828.31372
1989,81,Area 13A Miscellaneous Wild UnMarked,74.949392,673.9864249999999
1989,85,Puyallup River Wild UnMarked,650.004524,6776.0559299999995
1989,89,Area 11 Miscellaneous Wild UnMarked,149.884491,607.420519
1989,93,Area 10E Miscellaneous Wild UnMarked,749.979268,6597.387298
1989,97,Green River Wild UnMarked,647.933104,4482.6386999999995
1989,101,Lake Washington Wild UnMarked,2499.987229,35581.936392999996
1989,105,Area 10 Miscellaneous Wild UnMarked,149.884917,334.284131
1989,107,Dungeness River Wild UnMarked,172.927963,1298.597498
1989,111,Elwha River Wild UnMarked,100.960269,577.999764
1989,115,East JDF Miscellaneous Wild UnMarked,1536.983921,1441.312961
1989,117,West JDF Miscellaneous Wild UnMarked,4900.939911,4623.4646809999995
1989,127,Quillayute River Summer Natural UnMarked,474.931988,499.38757599999997
1989,131,Quillayute River Fall Natural UnMarked,4497.5045,5142.2941519999995
1989,135,Hoh River Wild UnMarked,1660.423175,3062.668682
1989,139,Queets River Fall Natural UnMarked,2250.023099,3952.792255
1989,145,Quinault River Fall Natural UnMarked,2249.837678,3775.456806
1989,149,Chehalis River Wild UnMarked,23942.802585,31385.734831
1989,153,Humptulips River Wild UnMarked,9368.454421,14149.27271
1989,157,Grays Harbor Miscellaneous Wild UnMarked,542.252132,710.043607
1989,161,Willapa Bay Natural UnMarked,2439.999734,18392.03027
1990,1,Nooksack River Wild UnMarked,249.98595,8471.967723
1990,11,Samish River Wild UnMarked,3399.985371,19975.565728
1990,17,Skagit River Wild UnMarked,15199.967639,26466.696847
1990,23,Baker (Skagit) Wild UnMarked,696.834488,1213.35174
1990,29,Stillaguamish River Wild UnMarked,8998.420968,19212.486254
1990,35,Snohomish River Wild UnMarked,44895.357234,96858.81869
1990,45,Area 12/12B Wild UnMarked,1259.00793,13374.596147
1990,51,Area 12A Wild UnMarked,112.997819,15359.38165
1990,55,Area 12C/12D Wild UnMarked,1387.010539,14627.152986
1990,59,Skokomish River Wild UnMarked,640.480333,10126.607674
1990,61,Area 13B Miscellaneous Wild UnMarked,1599.879549,5036.228688
1990,63,Deschutes River (WA) Wild UnMarked,1457.952506,9861.711604
1990,69,Nisqually River Wild UnMarked,3299.983346,21348.192653
1990,75,Area 13 Miscellaneous Wild UnMarked,299.909533,1085.86976
1990,81,Area 13A Miscellaneous Wild UnMarked,99.9148,637.290074
1990,85,Puyallup River Wild UnMarked,3299.953885,30806.432825
1990,89,Area 11 Miscellaneous Wild UnMarked,324.977624,793.834397
1990,93,Area 10E Miscellaneous Wild UnMarked,1249.845524,3786.9112489999998
1990,97,Green River Wild UnMarked,1232.450123,8854.070656
1990,101,Lake Washington Wild UnMarked,1500.009643,11616.055173
1990,105,Area 10 Miscellaneous Wild UnMarked,399.83387,709.567505
1990,107,Dungeness River Wild UnMarked,209.965289,1627.969396
1990,111,Elwha River Wild UnMarked,98.028518,518.57798
1990,115,East JDF Miscellaneous Wild UnMarked,569.490063,1121.550629
1990,117,West JDF Miscellaneous Wild UnMarked,3538.83321,6994.812515
1990,127,Quillayute River Summer Natural UnMarked,232.492057,90.175226
1990,131,Quillayute River Fall Natural UnMarked,2755.792418,3125.7047000000002
1990,135,Hoh River Wild UnMarked,1046.969165,3404.106783
1990,139,Queets River Fall Natural UnMarked,2599.923183,11549.346529999999
1990,145,Quinault River Fall Natural UnMarked,1700.031957,3922.103905
1990,149,Chehalis River Wild UnMarked,18764.712314,25699.04489
1990,153,Humptulips River Wild UnMarked,1277.471674,2036.103544
1990,157,Grays Harbor Miscellaneous Wild UnMarked,448.209424,428.428944
1990,161,Willapa Bay Natural UnMarked,1865.485385,9951.297438
1991,1,Nooksack River Wild UnMarked,250.001066,4765.123439999999
1991,11,Samish River Wild UnMarked,5499.998184,37657.6664
1991,17,Skagit River Wild UnMarked,13599.843034,25405.590576
1991,23,Baker (Skagit) Wild UnMarked,590.550903,1103.196147
1991,29,Stillaguamish River Wild UnMarked,3032.356844,10646.005986
1991,35,Snohomish River Wild UnMarked,21900.834101,61691.605602
1991,45,Area 12/12B Wild UnMarked,2559.035431,5742.552479
1991,51,Area 12A Wild UnMarked,277.495216,14732.636867
1991,55,Area 12C/12D Wild UnMarked,2818.434305,7032.80043
1991,59,Skokomish River Wild UnMarked,770.485798,1890.327773
1991,61,Area 13B Miscellaneous Wild UnMarked,1149.900557,4472.41595
1991,63,Deschutes River (WA) Wild UnMarked,985.953417,3754.577912
1991,69,Nisqually River Wild UnMarked,2749.93599,12501.088555
1991,75,Area 13 Miscellaneous Wild UnMarked,199.927759,931.200738
1991,81,Area 13A Miscellaneous Wild UnMarked,99.959547,883.261033
1991,85,Puyallup River Wild UnMarked,2749.986768,24149.107050000002
1991,89,Area 11 Miscellaneous Wild UnMarked,99.904832,344.47858
1991,93,Area 10E Miscellaneous Wild UnMarked,549.945491,3622.682231
1991,97,Green River Wild UnMarked,270.454237,1956.951407
1991,101,Lake Washington Wild UnMarked,399.972336,2623.360945
1991,105,Area 10 Miscellaneous Wild UnMarked,99.886006,271.59099199999997
1991,107,Dungeness River Wild UnMarked,277.415525,1014.541683
1991,111,Elwha River Wild UnMarked,83.042187,178.742154
1991,115,East JDF Miscellaneous Wild UnMarked,1190.573974,1278.725805
1991,117,West JDF Miscellaneous Wild UnMarked,3331.017253,3647.996372
1991,127,Quillayute River Summer Natural UnMarked,500.515639,1018.794029
1991,131,Quillayute River Fall Natural UnMarked,4765.942843,8815.297107
1991,135,Hoh River Wild UnMarked,2064.539204,3849.2654860000002
1991,139,Queets River Fall Natural UnMarked,3249.960399,10470.592307
1991,145,Quinault River Fall Natural UnMarked,4649.96636,7129.297899
1991,149,Chehalis River Wild UnMarked,26188.252441,39955.713387
1991,153,Humptulips River Wild UnMarked,1024.85787,1783.731964
1991,157,Grays Harbor Miscellaneous Wild UnMarked,544.931318,667.254536
1991,161,Willapa Bay Natural UnMarked,4902.930473,20306.796292
1992,1,Nooksack River Wild UnMarked,250.015369,2814.59875
1992,11,Samish River Wild UnMarked,3949.944063,20255.718105
1992,17,Skagit River Wild UnMarked,13001.694354,16846.758397999998
1992,23,Baker (Skagit) Wild UnMarked,1060.895198,1374.639688
1992,29,Stillaguamish River Wild UnMarked,6622.387945,11400.312562000001
1992,35,Snohomish River Wild UnMarked,37149.82778,60754.064558
1992,45,Area 12/12B Wild UnMarked,4013.477829,66302.153426
1992,51,Area 12A Wild UnMarked,127.482983,3781.854871
1992,55,Area 12C/12D Wild UnMarked,4420.469427,49450.809406
1992,59,Skokomish River Wild UnMarked,1089.454502,12241.664384
1992,61,Area 13B Miscellaneous Wild UnMarked,3299.985704,72140.128882
1992,63,Deschutes River (WA) Wild UnMarked,249.995683,5342.750785
1992,69,Nisqually River Wild UnMarked,949.949517,4848.362218
1992,75,Area 13 Miscellaneous Wild UnMarked,550.005442,1482.716547
1992,81,Area 13A Miscellaneous Wild UnMarked,49.956318,163.349348
1992,85,Puyallup River Wild UnMarked,950.013474,6807.165556
1992,89,Area 11 Miscellaneous Wild UnMarked,49.861931,119.103166
1992,93,Area 10E Miscellaneous Wild UnMarked,399.876676,1475.484763
1992,97,Green River Wild UnMarked,1390.954657,20610.249516
1992,101,Lake Washington Wild UnMarked,649.913274,1663.25561
1992,105,Area 10 Miscellaneous Wild UnMarked,99.871045,170.069325
1992,107,Dungeness River Wild UnMarked,218.943514,714.774368
1992,111,Elwha River Wild UnMarked,150.359755,464.854778
1992,115,East JDF Miscellaneous Wild UnMarked,578.295755,821.76837
1992,117,West JDF Miscellaneous Wild UnMarked,4669.46454,6667.123681
1992,127,Quillayute River Summer Natural UnMarked,460.129451,120.803702
1992,131,Quillayute River Fall Natural UnMarked,4085.062787,3876.904023
1992,135,Hoh River Wild UnMarked,2319.310948,5618.780826
1992,139,Queets River Fall Natural UnMarked,3137.983282,5966.502862
1992,145,Quinault River Fall Natural UnMarked,2308.480133,3593.3873439999998
1992,149,Chehalis River Wild UnMarked,11784.242538,15049.301773
1992,153,Humptulips River Wild UnMarked,311.851503,541.474729
1992,157,Grays Harbor Miscellaneous Wild UnMarked,777.778338,976.686739
1992,161,Willapa Bay Natural UnMarked,3106.975112,10266.68707
1993,1,Nooksack River Wild UnMarked,399.960236,1849.09788
1993,11,Samish River Wild UnMarked,4999.843716,18379.770477000002
1993,17,Skagit River Wild UnMarked,16994.621328,16081.037674
1993,23,Baker (Skagit) Wild UnMarked,889.263413,841.459079
1993,29,Stillaguamish River Wild UnMarked,5199.280768,9845.161312
1993,35,Snohomish River Wild UnMarked,25631.707014,47490.898778999996
1993,45,Area 12/12B Wild UnMarked,4899.949867,11863.009727
1993,51,Area 12A Wild UnMarked,185.874631,343.63313999999997
1993,55,Area 12C/12D Wild UnMarked,5397.246384,9404.23041
1993,59,Skokomish River Wild UnMarked,663.553233,1248.243708
1993,61,Area 13B Miscellaneous Wild UnMarked,3649.998032,28582.693005
1993,63,Deschutes River (WA) Wild UnMarked,329.499236,2651.315521
1993,69,Nisqually River Wild UnMarked,1299.869062,2862.259005
1993,75,Area 13 Miscellaneous Wild UnMarked,599.868876,1147.4648260000001
1993,81,Area 13A Miscellaneous Wild UnMarked,149.871275,440.88860999999997
1993,85,Puyallup River Wild UnMarked,1299.965302,5980.137014
1993,89,Area 11 Miscellaneous Wild UnMarked,50.011634,70.071779
1993,93,Area 10E Miscellaneous Wild UnMarked,549.928256,2038.1344669999999
1993,97,Green River Wild UnMarked,898.477435,11115.911532
1993,101,Lake Washington Wild UnMarked,799.832836,1160.289289
1993,105,Area 10 Miscellaneous Wild UnMarked,149.781735,187.058101
1993,107,Dungeness River Wild UnMarked,375.72209,182.566118
1993,111,Elwha River Wild UnMarked,115.53654,40.212809
1993,115,East JDF Miscellaneous Wild UnMarked,387.63934,82.89763500000001
1993,117,West JDF Miscellaneous Wild UnMarked,3796.861393,835.545564
1993,127,Quillayute River Summer Natural UnMarked,127.8579,240.91734699999998
1993,131,Quillayute River Fall Natural UnMarked,2082.556648,3281.470063
1993,135,Hoh River Wild UnMarked,672.284685,1037.89719
1993,139,Queets River Fall Natural UnMarked,2468.27626,4056.271412
1993,145,Quinault River Fall Natural UnMarked,969.851672,2102.300726
1993,149,Chehalis River Wild UnMarked,10100.359962,17044.861069
1993,153,Humptulips River Wild UnMarked,211.5305,763.091102
1993,157,Grays Harbor Miscellaneous Wild UnMarked,581.787816,955.13882
1993,161,Willapa Bay Natural UnMarked,2409.487112,31373.757416
1994,1,Nooksack River Wild UnMarked,499.982468,5710.423134
1994,11,Samish River Wild UnMarked,6399.990188,26526.423036
1994,17,Skagit River Wild UnMarked,25222.688074,26156.635524999998
1994,23,Baker (Skagit) Wild UnMarked,1333.471447,1382.847319
1994,29,Stillaguamish River Wild UnMarked,13057.473393,13888.359387
1994,35,Snohomish River Wild UnMarked,71413.041526,77873.046904
1994,45,Area 12/12B Wild UnMarked,10424.017597,14012.3872
1994,51,Area 12A Wild UnMarked,271.508457,2966.786383
1994,55,Area 12C/12D Wild UnMarked,11481.494217,8325.47266
1994,59,Skokomish River Wild UnMarked,6063.671154,4433.336354
1994,61,Area 13B Miscellaneous Wild UnMarked,3299.962983,74668.786041
1994,63,Deschutes River (WA) Wild UnMarked,1378.500247,31614.188988
1994,69,Nisqually River Wild UnMarked,4699.916688,7778.361366
1994,75,Area 13 Miscellaneous Wild UnMarked,549.943858,1037.253075
1994,81,Area 13A Miscellaneous Wild UnMarked,49.762374,74.369265
1994,85,Puyallup River Wild UnMarked,4699.90751,18847.967524
1994,89,Area 11 Miscellaneous Wild UnMarked,649.985888,420.45753
1994,93,Area 10E Miscellaneous Wild UnMarked,3499.968401,7367.517071
1994,97,Green River Wild UnMarked,2419.438803,19115.204519
1994,101,Lake Washington Wild UnMarked,99.875902,100.243079
1994,105,Area 10 Miscellaneous Wild UnMarked,799.970491,474.40374299999996
1994,107,Dungeness River Wild UnMarked,197.253343,297.69422
1994,111,Elwha River Wild UnMarked,99.013968,85.783249
1994,115,East JDF Miscellaneous Wild UnMarked,569.293483,246.68345200000002
1994,117,West JDF Miscellaneous Wild UnMarked,2955.06889,1292.295712
1994,127,Quillayute River Summer Natural UnMarked,341.238055,320.225607
1994,131,Quillayute River Fall Natural UnMarked,2440.655527,1806.213442
1994,135,Hoh River Wild UnMarked,580.513647,519.877837
1994,139,Queets River Fall Natural UnMarked,529.378232,732.275386
1994,145,Quinault River Fall Natural UnMarked,409.949426,543.659408
1994,149,Chehalis River Wild UnMarked,3548.591952,2343.2176369999997
1994,153,Humptulips River Wild UnMarked,365.259968,227.185738
1994,157,Grays Harbor Miscellaneous Wild UnMarked,401.921611,144.893922
1994,161,Willapa Bay Natural UnMarked,3178.281971,3700.80541
1995,1,Nooksack River Wild UnMarked,249.966307,1249.716696
1995,11,Samish River Wild UnMarked,3349.852724,9575.114806
1995,17,Skagit River Wild UnMarked,20252.784635,20450.879259999998
1995,23,Baker (Skagit) Wild UnMarked,1235.369439,1247.452718
1995,29,Stillaguamish River Wild UnMarked,11380.729506,10434.662118
1995,35,Snohomish River Wild UnMarked,55160.23801,52296.698375
1995,45,Area 12/12B Wild UnMarked,8170.262564,5973.707983
1995,51,Area 12A Wild UnMarked,587.730159,307.72794
1995,55,Area 12C/12D Wild UnMarked,8999.145875,4153.936563
1995,59,Skokomish River Wild UnMarked,2779.783559,1294.9442319999998
1995,61,Area 13B Miscellaneous Wild UnMarked,1149.985953,40383.032309
1995,63,Deschutes River (WA) Wild UnMarked,279.50249,10925.419341
1995,69,Nisqually River Wild UnMarked,2349.92272,3414.141158
1995,75,Area 13 Miscellaneous Wild UnMarked,200.015086,354.362213
1995,81,Area 13A Miscellaneous Wild UnMarked,99.867942,110.506077
1995,85,Puyallup River Wild UnMarked,2349.850123,4052.920465
1995,89,Area 11 Miscellaneous Wild UnMarked,549.941529,303.732274
1995,93,Area 10E Miscellaneous Wild UnMarked,2799.726289,3167.779307
1995,97,Green River Wild UnMarked,3612.031407,11003.401782
1995,101,Lake Washington Wild UnMarked,2049.933031,1270.08292
1995,105,Area 10 Miscellaneous Wild UnMarked,599.857355,292.200597
1995,107,Dungeness River Wild UnMarked,989.14994,643.8389090000001
1995,111,Elwha River Wild UnMarked,164.013108,327.98839200000003
1995,115,East JDF Miscellaneous Wild UnMarked,785.699989,389.973462
1995,117,West JDF Miscellaneous Wild UnMarked,5456.834755,2718.3851990000003
1995,127,Quillayute River Summer Natural UnMarked,530.017931,361.584836
1995,131,Quillayute River Fall Natural UnMarked,5017.465848,4995.109638
1995,135,Hoh River Wild UnMarked,2355.043556,2618.064085
1995,139,Queets River Fall Natural UnMarked,2864.951073,2561.148469
1995,145,Quinault River Fall Natural UnMarked,2484.247073,2278.941177
1995,149,Chehalis River Wild UnMarked,15960.531273,14904.80924
1995,153,Humptulips River Wild UnMarked,796.84196,1730.580432
1995,157,Grays Harbor Miscellaneous Wild UnMarked,991.336607,1076.2502650000001
1995,161,Willapa Bay Natural UnMarked,6130.986708,28112.329961
1996,1,Nooksack River Wild UnMarked,249.958177,1089.684295
1996,11,Samish River Wild UnMarked,799.869817,1966.562404
1996,17,Skagit River Wild UnMarked,12351.974518,9798.480587
1996,23,Baker (Skagit) Wild UnMarked,1121.818279,889.907497
1996,29,Stillaguamish River Wild UnMarked,5183.836353,7554.494566
1996,35,Snohomish River Wild UnMarked,26452.862323,40954.571876
1996,45,Area 12/12B Wild UnMarked,9214.415646,4695.831601
1996,51,Area 12A Wild UnMarked,435.420202,2311.149125
1996,55,Area 12C/12D Wild UnMarked,10149.175594,4391.20256
1996,59,Skokomish River Wild UnMarked,2004.036216,867.376043
1996,61,Area 13B Miscellaneous Wild UnMarked,749.985371,29578.396591
1996,63,Deschutes River (WA) Wild UnMarked,23.498156,1574.502363
1996,69,Nisqually River Wild UnMarked,3300.01212,2215.828781
1996,75,Area 13 Miscellaneous Wild UnMarked,199.92823,134.665563
1996,85,Puyallup River Wild UnMarked,3763.305999,4092.59656
1996,89,Area 11 Miscellaneous Wild UnMarked,449.732626,261.484171
1996,93,Area 10E Miscellaneous Wild UnMarked,2299.881608,1687.278977
1996,97,Green River Wild UnMarked,1977.988322,1447.650453
1996,101,Lake Washington Wild UnMarked,1734.184779,1554.5726220000001
1996,105,Area 10 Miscellaneous Wild UnMarked,499.816276,286.354111
1996,107,Dungeness River Wild UnMarked,708.807729,1236.34718
1996,111,Elwha River Wild UnMarked,210.517843,389.17497000000003
1996,115,East JDF Miscellaneous Wild UnMarked,542.900993,423.116029
1996,117,West JDF Miscellaneous Wild UnMarked,3477.853975,2724.119468
1996,127,Quillayute River Summer Natural UnMarked,232.249075,274.526625
1996,131,Quillayute River Fall Natural UnMarked,5504.396842,4737.325559
1996,135,Hoh River Wild UnMarked,2428.729166,1471.518278
1996,139,Queets River Fall Natural UnMarked,4462.914073,6959.031771
1996,145,Quinault River Fall Natural UnMarked,6663.527304,4028.876873
1996,149,Chehalis River Wild UnMarked,24146.643147,16226.950497
1996,153,Humptulips River Wild UnMarked,860.037536,1728.611521
1996,157,Grays Harbor Miscellaneous Wild UnMarked,1366.388182,729.073718
1996,161,Willapa Bay Natural UnMarked,8011.187196,5749.897032
1997,1,Nooksack River Wild UnMarked,350.120572,185.047788
1997,11,Samish River Wild UnMarked,2749.913361,1309.6538580000001
1997,17,Skagit River Wild UnMarked,18992.701328,11744.93381
1997,23,Baker (Skagit) Wild UnMarked,506.384175,313.143898
1997,29,Stillaguamish River Wild UnMarked,5461.064181,4075.201561
1997,35,Snohomish River Wild UnMarked,29093.949521,24736.543489
1997,45,Area 12/12B Wild UnMarked,18509.498519,3999.218758
1997,51,Area 12A Wild UnMarked,199.962195,915.0656999999999
1997,55,Area 12C/12D Wild UnMarked,20387.129501,3756.528725
1997,59,Skokomish River Wild UnMarked,8783.601921,1808.463311
1997,61,Area 13B Miscellaneous Wild UnMarked,149.989977,8066.901742
1997,63,Deschutes River (WA) Wild UnMarked,474.986184,22286.295391
1997,69,Nisqually River Wild UnMarked,999.945653,523.738557
1997,75,Area 13 Miscellaneous Wild UnMarked,299.952329,345.544718
1997,81,Area 13A Miscellaneous Wild UnMarked,149.689676,63.300526
1997,85,Puyallup River Wild UnMarked,10993.739391,8860.203994
1997,89,Area 11 Miscellaneous Wild UnMarked,999.742155,378.538252
1997,93,Area 10E Miscellaneous Wild UnMarked,3149.630083,1142.152525
1997,97,Green River Wild UnMarked,724.886309,2426.776554
1997,101,Lake Washington Wild UnMarked,1149.698395,613.540581
1997,105,Area 10 Miscellaneous Wild UnMarked,1150.060684,325.203616
1997,107,Dungeness River Wild UnMarked,1684.604759,1021.788828
1997,111,Elwha River Wild UnMarked,81.224553,54.322475000000004
1997,115,East JDF Miscellaneous Wild UnMarked,775.296843,413.445169
1997,117,West JDF Miscellaneous Wild UnMarked,3990.647456,2144.473986
1997,127,Quillayute River Summer Natural UnMarked,376.619318,95.983379
1997,131,Quillayute River Fall Natural UnMarked,2311.382666,627.2539380000001
1997,135,Hoh River Wild UnMarked,692.855124,1427.756298
1997,139,Queets River Fall Natural UnMarked,740.143653,389.482411
1997,145,Quinault River Fall Natural UnMarked,1575.042486,246.316669
1997,149,Chehalis River Wild UnMarked,7328.49433,1525.667368
1997,153,Humptulips River Wild UnMarked,536.256696,356.880098
1997,157,Grays Harbor Miscellaneous Wild UnMarked,343.033572,40.446619000000005
1997,161,Willapa Bay Natural UnMarked,2736.189944,782.621709
1998,1,Nooksack River Wild UnMarked,499.84374,535.500481
1998,11,Samish River Wild UnMarked,9299.241748,9475.568628
1998,17,Skagit River Wild UnMarked,68862.359085,21206.193905
1998,23,Baker (Skagit) Wild UnMarked,3878.050728,1194.247447
1998,29,Stillaguamish River Wild UnMarked,27273.334846,8494.355633
1998,35,Snohomish River Wild UnMarked,149988.38967,44860.381867000004
1998,45,Area 12/12B Wild UnMarked,40324.900137,11863.199649
1998,51,Area 12A Wild UnMarked,1018.155009,1229.352688
1998,55,Area 12C/12D Wild UnMarked,44415.549516,24997.712568
1998,59,Skokomish River Wild UnMarked,14956.479389,7057.261879
1998,61,Area 13B Miscellaneous Wild UnMarked,2599.327045,2285.73335
1998,63,Deschutes River (WA) Wild UnMarked,76.22169,74.948278
1998,69,Nisqually River Wild UnMarked,1200.602898,815.181226
1998,75,Area 13 Miscellaneous Wild UnMarked,500.034185,165.018649
1998,81,Area 13A Miscellaneous Wild UnMarked,99.976898,44.804447
1998,85,Puyallup River Wild UnMarked,7182.448548,6100.440025
1998,89,Area 11 Miscellaneous Wild UnMarked,1999.957405,501.699762
1998,93,Area 10E Miscellaneous Wild UnMarked,2099.854,644.146102
1998,97,Green River Wild UnMarked,1159.854518,1753.666193
1998,101,Lake Washington Wild UnMarked,315.963349,56.394442000000005
1998,105,Area 10 Miscellaneous Wild UnMarked,799.97844,140.782551
1998,107,Dungeness River Wild UnMarked,1009.98448,1645.227418
1998,111,Elwha River Wild UnMarked,1010.055084,1190.190457
1998,115,East JDF Miscellaneous Wild UnMarked,1312.175194,71.301807
1998,117,West JDF Miscellaneous Wild UnMarked,14228.792183,778.610061
1998,127,Quillayute River Summer Natural UnMarked,345.981607,114.207065
1998,131,Quillayute River Fall Natural UnMarked,13865.50116,3506.441312
1998,135,Hoh River Wild UnMarked,4417.819139,1198.315622
1998,139,Queets River Fall Natural UnMarked,4102.186989,2453.173842
1998,145,Quinault River Fall Natural UnMarked,3769.726493,2608.8004269999997
1998,149,Chehalis River Wild UnMarked,32247.184825,9612.725063
1998,153,Humptulips River Wild UnMarked,2013.726393,998.918551
1998,157,Grays Harbor Miscellaneous Wild UnMarked,1288.999096,348.73216700000006
1998,161,Willapa Bay Natural UnMarked,13805.649309,10579.229605
1999,1,Nooksack River Wild UnMarked,953.002698,983.5293069999999
1999,11,Samish River Wild UnMarked,6900.019087,6734.62679
1999,17,Skagit River Wild UnMarked,26734.023176,10090.195574
1999,23,Baker (Skagit) Wild UnMarked,2965.00257,1119.07797
1999,29,Stillaguamish River Wild UnMarked,6996.03851,2071.482255
1999,35,Snohomish River Wild UnMarked,61282.330831,21388.444774
1999,45,Area 12/12B Wild UnMarked,6854.045453,1478.07811
1999,51,Area 12A Wild UnMarked,179.001315,36.760383000000004
1999,55,Area 12C/12D Wild UnMarked,7550.04812,2055.361397
1999,59,Skokomish River Wild UnMarked,1847.012344,468.161399
1999,61,Area 13B Miscellaneous Wild UnMarked,800.001173,920.410817
1999,63,Deschutes River (WA) Wild UnMarked,41.000058,44.916738
1999,69,Nisqually River Wild UnMarked,500.001803,227.787597
1999,75,Area 13 Miscellaneous Wild UnMarked,190.001125,31.619907
1999,81,Area 13A Miscellaneous Wild UnMarked,29.000099,10.766495
1999,85,Puyallup River Wild UnMarked,4165.016459,1927.255528
1999,89,Area 11 Miscellaneous Wild UnMarked,150.001526,18.948057
1999,93,Area 10E Miscellaneous Wild UnMarked,1860.015742,415.961438
1999,97,Green River Wild UnMarked,1245.002298,1333.220525
1999,101,Lake Washington Wild UnMarked,733.008176,63.554456
1999,105,Area 10 Miscellaneous Wild UnMarked,260.005133,22.343646
1999,107,Dungeness River Wild UnMarked,674.001428,657.675327
1999,111,Elwha River Wild UnMarked,665.001393,532.668783
1999,115,East JDF Miscellaneous Wild UnMarked,1314.1443,42.543946
1999,117,West JDF Miscellaneous Wild UnMarked,5831.64036,195.274804
1999,127,Quillayute River Summer Natural UnMarked,624.00303,768.343377
1999,131,Quillayute River Fall Natural UnMarked,9365.038072,6732.322316
1999,135,Hoh River Wild UnMarked,4594.022034,2195.414413
1999,139,Queets River Fall Natural UnMarked,4795.476873,3915.764936
1999,145,Quinault River Fall Natural UnMarked,12665.588225,7252.462772
1999,149,Chehalis River Wild UnMarked,30247.517344,8479.022526
1999,153,Humptulips River Wild UnMarked,1888.028578,686.653736
1999,157,Grays Harbor Miscellaneous Wild UnMarked,1210.025641,218.56313500000002
1999,161,Willapa Bay Natural UnMarked,12355.154577,3351.804769
2000,1,Nooksack River Wild UnMarked,3530.025552,4514.562567999999
2000,11,Samish River Wild UnMarked,7463.057375,11345.473243
2000,17,Skagit River Wild UnMarked,58100.411212,32641.697104
2000,23,Baker (Skagit) Wild UnMarked,2860.020242,1606.803017
2000,29,Stillaguamish River Wild UnMarked,28293.138429,14803.425655000001
2000,35,Snohomish River Wild UnMarked,94093.484541,61666.572758
2000,45,Area 12/12B Wild UnMarked,8724.0676,2409.304236
2000,51,Area 12A Wild UnMarked,473.004623,455.704485
2000,55,Area 12C/12D Wild UnMarked,9609.077123,8162.161497
2000,59,Skokomish River Wild UnMarked,8288.076776,7645.682207
2000,61,Area 13B Miscellaneous Wild UnMarked,1168.00871,1043.564809
2000,63,Deschutes River (WA) Wild UnMarked,961.006589,665.483648
2000,69,Nisqually River Wild UnMarked,2174.015458,2023.572271
2000,75,Area 13 Miscellaneous Wild UnMarked,468.003204,141.420278
2000,81,Area 13A Miscellaneous Wild UnMarked,300.002388,159.079129
2000,85,Puyallup River Wild UnMarked,25671.212972,23520.589330000003
2000,89,Area 11 Miscellaneous Wild UnMarked,1147.009612,192.804989
2000,93,Area 10E Miscellaneous Wild UnMarked,11407.086929,3383.2434319999998
2000,97,Green River Wild UnMarked,2743.031481,5797.668376
2000,101,Lake Washington Wild UnMarked,1952.017126,1132.537154
2000,105,Area 10 Miscellaneous Wild UnMarked,3207.034692,372.033952
2000,107,Dungeness River Wild UnMarked,4778.043621,4653.950425
2000,111,Elwha River Wild UnMarked,329.002948,667.306503
2000,115,East JDF Miscellaneous Wild UnMarked,2180.068256,67.179642
2000,117,West JDF Miscellaneous Wild UnMarked,15367.378667,573.3786
2000,127,Quillayute River Summer Natural UnMarked,1002.551139,47.304016999999995
2000,131,Quillayute River Fall Natural UnMarked,13369.294161,760.58719
2000,135,Hoh River Wild UnMarked,6773.791713,2566.361974
2000,139,Queets River Fall Natural UnMarked,8104.283178,4101.626513
2000,145,Quinault River Fall Natural UnMarked,7421.139269,5810.465059
2000,149,Chehalis River Wild UnMarked,35461.460117,12907.353661000001
2000,153,Humptulips River Wild UnMarked,2593.0368,977.536172
2000,161,Willapa Bay Natural UnMarked,23031.572946,7345.332880999999
2001,1,Nooksack River Wild UnMarked,3813.999983,4538.377898
2001,11,Samish River Wild UnMarked,23697.999897,26585.805925
2001,17,Skagit River Wild UnMarked,80441.999664,42082.441419
2001,23,Baker (Skagit) Wild UnMarked,6574.999972,3439.646643
2001,29,Stillaguamish River Wild UnMarked,74772.999734,24777.058306
2001,35,Snohomish River Wild UnMarked,261549.999065,100291.028985
2001,45,Area 12/12B Wild UnMarked,35136.999864,12029.530248000001
2001,51,Area 12A Wild UnMarked,139.999999,163.553501
2001,55,Area 12C/12D Wild UnMarked,38700.999844,19794.47401
2001,59,Skokomish River Wild UnMarked,20600.999913,12655.235352
2001,61,Area 13B Miscellaneous Wild UnMarked,717.999997,691.290513
2001,63,Deschutes River (WA) Wild UnMarked,54,44.100919
2001,69,Nisqually River Wild UnMarked,3290.999987,2907.162965
2001,75,Area 13 Miscellaneous Wild UnMarked,451.999998,194.93877
2001,81,Area 13A Miscellaneous Wild UnMarked,159.999999,89.368489
2001,85,Puyallup River Wild UnMarked,13066.999953,5544.03419
2001,89,Area 11 Miscellaneous Wild UnMarked,1162.999996,348.379508
2001,93,Area 10E Miscellaneous Wild UnMarked,11266.999959,4272.629106
2001,97,Green River Wild UnMarked,5338.999959,17050.098843
2001,101,Lake Washington Wild UnMarked,1224.999995,801.389682
2001,105,Area 10 Miscellaneous Wild UnMarked,951.999996,223.291878
2001,107,Dungeness River Wild UnMarked,5195.999978,4584.552861
2001,111,Elwha River Wild UnMarked,1029.999996,823.007089
2001,115,East JDF Miscellaneous Wild UnMarked,2538.999983,265.093314
2001,117,West JDF Miscellaneous Wild UnMarked,26508.999829,2985.722992
2001,127,Quillayute River Summer Natural UnMarked,960.999997,717.82571
2001,131,Quillayute River Fall Natural UnMarked,18875.999943,9583.830676000001
2001,135,Hoh River Wild UnMarked,10772.999944,5509.287673
2001,139,Queets River Fall Natural UnMarked,23792.999864,12257.656975
2001,145,Quinault River Fall Natural UnMarked,21564.999916,9754.836729
2001,149,Chehalis River Wild UnMarked,74709.999538,21632.031984
2001,153,Humptulips River Wild UnMarked,5389.999966,1648.4684220000001
2001,161,Willapa Bay Natural UnMarked,48413.999642,21230.279043000002
2002,1,Nooksack River Wild UnMarked,9522.999986,7498.6510149999995
2002,11,Samish River Wild UnMarked,10789.999983,10612.31554
2002,17,Skagit River Wild UnMarked,50773.999889,14395.411889
2002,23,Baker (Skagit) Wild UnMarked,5193.999989,1472.599561
2002,29,Stillaguamish River Wild UnMarked,27304.999871,3245.021235
2002,35,Snohomish River Wild UnMarked,161440.999353,24542.275169
2002,45,Area 12/12B Wild UnMarked,26171.999943,4545.531192
2002,51,Area 12A Wild UnMarked,649.999999,467.90635599999996
2002,55,Area 12C/12D Wild UnMarked,28826.99995,10693.488816000001
2002,59,Skokomish River Wild UnMarked,13646.999976,5014.671275
2002,61,Area 13B Miscellaneous Wild UnMarked,772.000006,575.8262579999999
2002,63,Deschutes River (WA) Wild UnMarked,19,10.749436
2002,69,Nisqually River Wild UnMarked,2113.999999,1003.751358
2002,75,Area 13 Miscellaneous Wild UnMarked,282,37.414102
2002,81,Area 13A Miscellaneous Wild UnMarked,556,194.939035
2002,85,Puyallup River Wild UnMarked,8581.999982,1599.282067
2002,89,Area 11 Miscellaneous Wild UnMarked,493.999999,59.688144
2002,93,Area 10E Miscellaneous Wild UnMarked,1531.999997,308.060898
2002,97,Green River Wild UnMarked,2566.999997,2208.207532
2002,101,Lake Washington Wild UnMarked,803.999998,111.88023
2002,105,Area 10 Miscellaneous Wild UnMarked,573.999998,60.31259
2002,107,Dungeness River Wild UnMarked,1207.999998,1895.577752
2002,111,Elwha River Wild UnMarked,1049.999999,691.730212
2002,115,East JDF Miscellaneous Wild UnMarked,3001.999934,195.679991
2002,117,West JDF Miscellaneous Wild UnMarked,17114.999668,1186.097095
2002,127,Quillayute River Summer Natural UnMarked,1011.999998,682.636624
2002,131,Quillayute River Fall Natural UnMarked,23015.999953,10307.511734
2002,135,Hoh River Wild UnMarked,9008.999972,4223.8769250000005
2002,139,Queets River Fall Natural UnMarked,13967.999968,12541.239198
2002,145,Quinault River Fall Natural UnMarked,12212.999966,7427.035557
2002,149,Chehalis River Wild UnMarked,99964.999717,30201.483024999998
2002,153,Humptulips River Wild UnMarked,6157.999981,1502.34837
2002,157,Grays Harbor Miscellaneous Wild UnMarked,3942.999986,539.245497
2002,161,Willapa Bay Natural UnMarked,58702.999776,38031.936784
2003,1,Nooksack River Wild UnMarked,5411.999978,4513.369252
2003,11,Samish River Wild UnMarked,8755.999964,6789.449356
2003,17,Skagit River Wild UnMarked,85892.999005,24563.867550000003
2003,23,Baker (Skagit) Wild UnMarked,2818.999967,806.1837939999999
2003,29,Stillaguamish River Wild UnMarked,45690.994126,3710.3829419999997
2003,35,Snohomish River Wild UnMarked,182598.978453,15911.162419
2003,45,Area 12/12B Wild UnMarked,60549.999138,10383.945705
2003,51,Area 12A Wild UnMarked,344.999996,78.677541
2003,55,Area 12C/12D Wild UnMarked,66692.999274,23896.023115
2003,59,Skokomish River Wild UnMarked,44756.999504,15326.273062
2003,61,Area 13B Miscellaneous Wild UnMarked,889.000005,511.075378
2003,63,Deschutes River (WA) Wild UnMarked,2273.000011,1243.327073
2003,69,Nisqually River Wild UnMarked,4923.999967,2385.811697
2003,75,Area 13 Miscellaneous Wild UnMarked,740.999992,123.336828
2003,81,Area 13A Miscellaneous Wild UnMarked,215.999998,45.098691
2003,85,Puyallup River Wild UnMarked,20327.999719,3294.816197
2003,89,Area 11 Miscellaneous Wild UnMarked,1604.999977,252.062976
2003,93,Area 10E Miscellaneous Wild UnMarked,12473.999795,1773.108811
2003,97,Green River Wild UnMarked,4626.999968,2833.6395460000003
2003,101,Lake Washington Wild UnMarked,1315.999984,1896.6698170000002
2003,105,Area 10 Miscellaneous Wild UnMarked,2260.99996,284.265187
2003,107,Dungeness River Wild UnMarked,3630.999973,578.016351
2003,111,Elwha River Wild UnMarked,317.999998,85.276359
2003,115,East JDF Miscellaneous Wild UnMarked,3248.999289,178.515293
2003,117,West JDF Miscellaneous Wild UnMarked,13792.998767,1104.237688
2003,127,Quillayute River Summer Natural UnMarked,504.999999,383.80736199999996
2003,131,Quillayute River Fall Natural UnMarked,14755.999964,7813.884403999999
2003,135,Hoh River Wild UnMarked,6272.999977,2424.153617
2003,139,Queets River Fall Natural UnMarked,9845.999969,5992.269225999999
2003,145,Quinault River Fall Natural UnMarked,4709.999984,3514.097606
2003,149,Chehalis River Wild UnMarked,77157.999757,22265.324965
2003,153,Humptulips River Wild UnMarked,4751.999983,960.327558
2003,157,Grays Harbor Miscellaneous Wild UnMarked,3041.999985,375.349535
2003,161,Willapa Bay Natural UnMarked,49385.999868,33543.541231
2004,1,Nooksack River Wild UnMarked,1031.033589,2057.990478
2004,11,Samish River Wild UnMarked,10561.50963,18881.900722
2004,17,Skagit River Wild UnMarked,136065.064278,29740.758545999997
2004,23,Baker (Skagit) Wild UnMarked,2750.319769,601.157962
2004,29,Stillaguamish River Wild UnMarked,58141.759019,7893.428308
2004,35,Snohomish River Wild UnMarked,252786.763939,36717.920299
2004,45,Area 12/12B Wild UnMarked,5555.105747,1415.615817
2004,51,Area 12A Wild UnMarked,993.17819,1743.391423
2004,55,Area 12C/12D Wild UnMarked,43447.941945,41172.569279
2004,59,Skokomish River Wild UnMarked,63002.315052,44477.239917
2004,61,Area 13B Miscellaneous Wild UnMarked,4296.745652,2740.087457
2004,63,Deschutes River (WA) Wild UnMarked,80.24485,42.663486999999996
2004,69,Nisqually River Wild UnMarked,6239.386483,4374.373061
2004,75,Area 13 Miscellaneous Wild UnMarked,1771.124006,367.842699
2004,81,Area 13A Miscellaneous Wild UnMarked,232.01059,139.669316
2004,85,Puyallup River Wild UnMarked,17089.645479,3746.043906
2004,89,Area 11 Miscellaneous Wild UnMarked,1475.151413,264.983944
2004,93,Area 10E Miscellaneous Wild UnMarked,5182.331841,1076.659563
2004,97,Green River Wild UnMarked,4229.902092,4056.906862
2004,101,Lake Washington Wild UnMarked,559.434624,343.583815
2004,105,Area 10 Miscellaneous Wild UnMarked,1995.174247,312.00861
2004,107,Dungeness River Wild UnMarked,759.114565,510.790589
2004,111,Elwha River Wild UnMarked,473.039876,256.993215
2004,115,East JDF Miscellaneous Wild UnMarked,7752.421813,808.565545
2004,117,West JDF Miscellaneous Wild UnMarked,12003.69215,1251.811459
2004,127,Quillayute River Summer Natural UnMarked,476.056355,863.868724
2004,131,Quillayute River Fall Natural UnMarked,6766.737795,7323.422369000001
2004,135,Hoh River Wild UnMarked,3246.801171,2119.360558
2004,139,Queets River Fall Natural UnMarked,6859.861493,6584.878879
2004,145,Quinault River Fall Natural UnMarked,1404.283215,1645.2301320000001
2004,149,Chehalis River Wild UnMarked,35169.366545,27305.010483000002
2004,153,Humptulips River Wild UnMarked,3006.569254,893.974323
2004,157,Grays Harbor Miscellaneous Wild UnMarked,2133.440512,364.09065200000003
2004,161,Willapa Bay Natural UnMarked,30406.487079,14143.470161000001
2005,1,Nooksack River Wild UnMarked,689.683518,537.649106
2005,11,Samish River Wild UnMarked,1124.26198,1319.570663
2005,17,Skagit River Wild UnMarked,31116.690422,18171.260896
2005,23,Baker (Skagit) Wild UnMarked,1940.924824,1133.4448380000001
2005,29,Stillaguamish River Wild UnMarked,22588.880451,8097.735786
2005,35,Snohomish River Wild UnMarked,104149.217379,29774.7899
2005,45,Area 12/12B Wild UnMarked,13826.725546,5609.814086
2005,51,Area 12A Wild UnMarked,-432.71245,17701.012959
2005,55,Area 12C/12D Wild UnMarked,14848.535731,11488.195582
2005,59,Skokomish River Wild UnMarked,5400.560191,3556.9457979999997
2005,61,Area 13B Miscellaneous Wild UnMarked,820.318545,932.552053
2005,63,Deschutes River (WA) Wild UnMarked,130.037948,83.486901
2005,69,Nisqually River Wild UnMarked,852.990528,1241.620341
2005,75,Area 13 Miscellaneous Wild UnMarked,1473.972352,259.590591
2005,81,Area 13A Miscellaneous Wild UnMarked,1226.979205,488.782584
2005,85,Puyallup River Wild UnMarked,15323.566372,8629.358925
2005,89,Area 11 Miscellaneous Wild UnMarked,513.638989,75.530296
2005,93,Area 10E Miscellaneous Wild UnMarked,1856.532801,296.450049
2005,97,Green River Wild UnMarked,5231.971105,3511.0083409999997
2005,101,Lake Washington Wild UnMarked,648.442837,1595.3742430000002
2005,105,Area 10 Miscellaneous Wild UnMarked,713.142829,89.572284
2005,107,Dungeness River Wild UnMarked,176.144371,717.00057
2005,111,Elwha River Wild UnMarked,386.855824,286.83662
2005,115,East JDF Miscellaneous Wild UnMarked,3422.688605,248.273245
2005,117,West JDF Miscellaneous Wild UnMarked,6763.379257,498.248917
2005,127,Quillayute River Summer Natural UnMarked,1217.940251,1656.745871
2005,131,Quillayute River Fall Natural UnMarked,11500.397123,9320.073364
2005,135,Hoh River Wild UnMarked,4710.551716,3506.4763729999995
2005,139,Queets River Fall Natural UnMarked,6534.078124,5614.734142
2005,145,Quinault River Fall Natural UnMarked,6418.071988,7341.700019
2005,149,Chehalis River Wild UnMarked,39992.260785,28091.135168
2005,153,Humptulips River Wild UnMarked,2498.161589,610.960865
2005,157,Grays Harbor Miscellaneous Wild UnMarked,1599.005459,217.669613
2005,161,Willapa Bay Natural UnMarked,30080.562125,24162.567925
2006,1,Nooksack River Wild UnMarked,500.204741,652.6910369999999
2006,11,Samish River Wild UnMarked,345.375805,907.114611
2006,17,Skagit River Wild UnMarked,7250.639682,3592.979289
2006,23,Baker (Skagit) Wild UnMarked,451.08197,223.52898000000002
2006,29,Stillaguamish River Wild UnMarked,8548.248544,2255.8346810000003
2006,35,Snohomish River Wild UnMarked,75626.003607,19128.122102
2006,45,Area 12/12B Wild UnMarked,5554.581798,2850.509014
2006,51,Area 12A Wild UnMarked,397.366423,9074.554532
2006,55,Area 12C/12D Wild UnMarked,6117.777358,23260.201544000003
2006,59,Skokomish River Wild UnMarked,1596.891353,11773.338912
2006,61,Area 13B Miscellaneous Wild UnMarked,160.949314,880.250716
2006,63,Deschutes River (WA) Wild UnMarked,996.199937,744.5030399999999
2006,69,Nisqually River Wild UnMarked,1974.797052,6837.123034000001
2006,75,Area 13 Miscellaneous Wild UnMarked,124.945701,23.261774
2006,81,Area 13A Miscellaneous Wild UnMarked,812.0126,343.25104600000003
2006,85,Puyallup River Wild UnMarked,14034.812065,3862.614465
2006,89,Area 11 Miscellaneous Wild UnMarked,224.00862,39.778398
2006,93,Area 10E Miscellaneous Wild UnMarked,85.975441,13.9532
2006,97,Green River Wild UnMarked,852.241642,745.6201450000001
2006,101,Lake Washington Wild UnMarked,500.185948,695.054889
2006,105,Area 10 Miscellaneous Wild UnMarked,918.988073,148.652786
2006,107,Dungeness River Wild UnMarked,100.023994,262.90823
2006,111,Elwha River Wild UnMarked,38.003437,36.786178
2006,115,East JDF Miscellaneous Wild UnMarked,1811.990575,173.372757
2006,117,West JDF Miscellaneous Wild UnMarked,1989.905781,208.452688
2006,127,Quillayute River Summer Natural UnMarked,501.724054,990.834686
2006,131,Quillayute River Fall Natural UnMarked,4681.167114,4774.079641
2006,135,Hoh River Wild UnMarked,766.388951,1297.423252
2006,139,Queets River Fall Natural UnMarked,5333.530181,3361.7764230000002
2006,145,Quinault River Fall Natural UnMarked,1106.780279,751.104207
2006,149,Chehalis River Wild UnMarked,13061.547071,9312.980583999999
2006,153,Humptulips River Wild UnMarked,816.494754,3085.365161
2006,157,Grays Harbor Miscellaneous Wild UnMarked,522.023719,82.785085
2006,161,Willapa Bay Natural UnMarked,14411.716773,15784.648489000001
2007,1,Nooksack River Wild UnMarked,1107.858073,2032.72967
2007,11,Samish River Wild UnMarked,10097.734279,7761.604608
2007,17,Skagit River Wild UnMarked,49364.98389,29112.406304
2007,23,Baker (Skagit) Wild UnMarked,3739.888527,2205.554368
2007,29,Stillaguamish River Wild UnMarked,38731.122751,12977.320011
2007,35,Snohomish River Wild UnMarked,117737.158575,39656.219402
2007,45,Area 12/12B Wild UnMarked,19019.177561,9037.331164
2007,51,Area 12A Wild UnMarked,306.035467,7426.55428
2007,55,Area 12C/12D Wild UnMarked,20949.107855,26303.878366
2007,59,Skokomish River Wild UnMarked,6381.363125,7123.608547
2007,61,Area 13B Miscellaneous Wild UnMarked,4417.063552,3866.54885
2007,63,Deschutes River (WA) Wild UnMarked,156.115089,107.32321999999999
2007,69,Nisqually River Wild UnMarked,3931.434623,5568.613233
2007,75,Area 13 Miscellaneous Wild UnMarked,653.025868,166.383068
2007,81,Area 13A Miscellaneous Wild UnMarked,1191.028806,377.758753
2007,85,Puyallup River Wild UnMarked,16673.250706,7583.109197
2007,89,Area 11 Miscellaneous Wild UnMarked,367.027597,86.784847
2007,93,Area 10E Miscellaneous Wild UnMarked,1239.199062,1321.7328550000002
2007,97,Green River Wild UnMarked,1802.875541,4606.069157
2007,101,Lake Washington Wild UnMarked,499.661618,254.4855
2007,105,Area 10 Miscellaneous Wild UnMarked,480.006867,97.450866
2007,107,Dungeness River Wild UnMarked,446.944247,1054.408236
2007,111,Elwha River Wild UnMarked,69.997931,55.684719
2007,115,East JDF Miscellaneous Wild UnMarked,3112.014764,437.658988
2007,117,West JDF Miscellaneous Wild UnMarked,4416.337998,646.60935
2007,127,Quillayute River Summer Natural UnMarked,780.644069,898.2816
2007,131,Quillayute River Fall Natural UnMarked,6161.827817,4510.584311
2007,135,Hoh River Wild UnMarked,2286.967889,2616.612358
2007,139,Queets River Fall Natural UnMarked,4348.591206,2479.379306
2007,145,Quinault River Fall Natural UnMarked,5854.405881,3815.621429
2007,149,Chehalis River Wild UnMarked,22625.950152,10432.929264999999
2007,153,Humptulips River Wild UnMarked,340.607766,427.34031100000004
2007,157,Grays Harbor Miscellaneous Wild UnMarked,633.730428,257.451967
2007,161,Willapa Bay Natural UnMarked,13723.49835,7085.303454
2008,1,Nooksack River Wild UnMarked,499.955797,2047.079759
2008,11,Samish River Wild UnMarked,489.939689,1325.707656
2008,17,Skagit River Wild UnMarked,22796.620928,10750.787981
2008,23,Baker (Skagit) Wild UnMarked,1298.104004,612.18025
2008,29,Stillaguamish River Wild UnMarked,12939.15844,3934.735582
2008,35,Snohomish River Wild UnMarked,35815.70122,13596.351090999999
2008,45,Area 12/12B Wild UnMarked,19021.358592,3748.746672
2008,51,Area 12A Wild UnMarked,5.53159,1337.159428
2008,55,Area 12C/12D Wild UnMarked,3431.76788,9985.342804
2008,59,Skokomish River Wild UnMarked,1023.425863,3616.7597769999998
2008,61,Area 13B Miscellaneous Wild UnMarked,657.234404,963.382296
2008,63,Deschutes River (WA) Wild UnMarked,82.011081,147.85202999999998
2008,69,Nisqually River Wild UnMarked,808.593977,2965.8089059999998
2008,75,Area 13 Miscellaneous Wild UnMarked,81.035947,11.006295
2008,81,Area 13A Miscellaneous Wild UnMarked,283.523632,187.728549
2008,85,Puyallup River Wild UnMarked,9837.641078,12583.464166000002
2008,89,Area 11 Miscellaneous Wild UnMarked,587.032501,71.212862
2008,93,Area 10E Miscellaneous Wild UnMarked,1827.212593,254.214459
2008,97,Green River Wild UnMarked,1857.344053,4821.253339
2008,101,Lake Washington Wild UnMarked,426.701662,703.173803
2008,105,Area 10 Miscellaneous Wild UnMarked,824.02902,91.104235
2008,107,Dungeness River Wild UnMarked,110.062587,172.81316
2008,111,Elwha River Wild UnMarked,51.031033,28.453567
2008,115,East JDF Miscellaneous Wild UnMarked,1276.366598,109.45777500000001
2008,117,West JDF Miscellaneous Wild UnMarked,1902.419698,198.464624
2008,127,Quillayute River Summer Natural UnMarked,575.325103,600.408417
2008,131,Quillayute River Fall Natural UnMarked,6189.860415,3827.640899
2008,135,Hoh River Wild UnMarked,2165.663866,1803.9993769999999
2008,139,Queets River Fall Natural UnMarked,4512.602817,2822.7718800000002
2008,145,Quinault River Fall Natural UnMarked,9833.269705,8498.476024
2008,149,Chehalis River Wild UnMarked,35446.96771,14268.001069
2008,153,Humptulips River Wild UnMarked,205.242377,287.00550100000004
2008,157,Grays Harbor Miscellaneous Wild UnMarked,1098.47333,402.780957
2008,161,Willapa Bay Natural UnMarked,23912.644753,11900.706320000001
2009,1,Nooksack River Wild UnMarked,447.081481,1505.841514
2009,11,Samish River Wild UnMarked,1623.277577,3952.7034120000003
2009,17,Skagit River Wild UnMarked,58544.013153,25840.235392
2009,23,Baker (Skagit) Wild UnMarked,2231.251408,984.832755
2009,29,Stillaguamish River Wild UnMarked,22179.843841,8691.150492
2009,35,Snohomish River Wild UnMarked,98950.235939,35456.424647
2009,45,Area 12/12B Wild UnMarked,12330.376011,7853.965029
2009,51,Area 12A Wild UnMarked,1479.866566,9598.677847
2009,55,Area 12C/12D Wild UnMarked,13581.243834,20344.528834
2009,59,Skokomish River Wild UnMarked,1013.700699,3035.487431
2009,61,Area 13B Miscellaneous Wild UnMarked,1649.060725,3524.419012
2009,63,Deschutes River (WA) Wild UnMarked,1747.842195,1818.202423
2009,69,Nisqually River Wild UnMarked,528.700729,1837.429582
2009,75,Area 13 Miscellaneous Wild UnMarked,193.965015,53.230968
2009,81,Area 13A Miscellaneous Wild UnMarked,1485.839606,582.844902
2009,85,Puyallup River Wild UnMarked,14784.903442,33972.357845
2009,89,Area 11 Miscellaneous Wild UnMarked,578.911054,151.100266
2009,93,Area 10E Miscellaneous Wild UnMarked,1715.570826,369.857847
2009,97,Green River Wild UnMarked,1632.683101,3576.303781
2009,101,Lake Washington Wild UnMarked,782.898831,749.788337
2009,105,Area 10 Miscellaneous Wild UnMarked,667.916283,142.942337
2009,107,Dungeness River Wild UnMarked,3005.413726,4707.115701
2009,111,Elwha River Wild UnMarked,126.913165,158.83292799999998
2009,115,East JDF Miscellaneous Wild UnMarked,3337.758061,529.220203
2009,117,West JDF Miscellaneous Wild UnMarked,10861.468682,2014.562178
2009,127,Quillayute River Summer Natural UnMarked,185.87618,1423.900046
2009,131,Quillayute River Fall Natural UnMarked,3625.896111,8849.35179
2009,135,Hoh River Wild UnMarked,6337.557999,5685.752073
2009,139,Queets River Fall Natural UnMarked,10664.583754,8068.388289
2009,145,Quinault River Fall Natural UnMarked,32242.122494,31312.833441
2009,149,Chehalis River Wild UnMarked,72650.637016,33935.367752
2009,153,Humptulips River Wild UnMarked,3137.439088,1751.685269
2009,157,Grays Harbor Miscellaneous Wild UnMarked,1525.63027,274.353722
2009,161,Willapa Bay Natural UnMarked,47246.432311,67776.64616599999
2010,1,Nooksack River Wild UnMarked,2229.113588,8457.478475
2010,11,Samish River Wild UnMarked,22352.500767,30526.910946
2010,17,Skagit River Wild UnMarked,31276.090038,28104.583381
2010,23,Baker (Skagit) Wild UnMarked,2738.874261,2461.142739
2010,29,Stillaguamish River Wild UnMarked,15171.486456,1581.959822
2010,35,Snohomish River Wild UnMarked,49101.498234,5273.7282270000005
2010,45,Area 12/12B Wild UnMarked,1900.429427,1033.235854
2010,51,Area 12A Wild UnMarked,354.883801,2268.279108
2010,55,Area 12C/12D Wild UnMarked,2078.87416,8503.116804
2010,59,Skokomish River Wild UnMarked,190.70148,819.502017
2010,61,Area 13B Miscellaneous Wild UnMarked,1587.070962,797.980561
2010,63,Deschutes River (WA) Wild UnMarked,56.094929,26.9061
2010,69,Nisqually River Wild UnMarked,1418.125836,4006.400728
2010,75,Area 13 Miscellaneous Wild UnMarked,176.886046,21.387899
2010,81,Area 13A Miscellaneous Wild UnMarked,418.913239,141.711432
2010,85,Puyallup River Wild UnMarked,5313.541325,3501.546829
2010,89,Area 11 Miscellaneous Wild UnMarked,84.025524,9.708013
2010,93,Area 10E Miscellaneous Wild UnMarked,259.969539,37.655069
2010,97,Green River Wild UnMarked,2958.633531,5061.327217999999
2010,101,Lake Washington Wild UnMarked,369.867269,48.66549
2010,105,Area 10 Miscellaneous Wild UnMarked,97.014871,10.303111
2010,107,Dungeness River Wild UnMarked,315.904829,370.964525
2010,111,Elwha River Wild UnMarked,545.902424,263.16086
2010,115,East JDF Miscellaneous Wild UnMarked,3107.374328,271.824572
2010,117,West JDF Miscellaneous Wild UnMarked,15309.444587,1364.603226
2010,127,Quillayute River Summer Natural UnMarked,272.851935,320.45214799999997
2010,131,Quillayute River Fall Natural UnMarked,9831.799987,7250.897784000001
2010,135,Hoh River Wild UnMarked,8073.670273,3301.746567
2010,139,Queets River Fall Natural UnMarked,12558.486366,7511.693261
2010,145,Quinault River Fall Natural UnMarked,18344.805227,23175.419259
2010,149,Chehalis River Wild UnMarked,84821.49531,22160.844886
2010,153,Humptulips River Wild UnMarked,4882.291644,3154.6639010000004
2010,157,Grays Harbor Miscellaneous Wild UnMarked,2195.079455,138.809299
2010,161,Willapa Bay Natural UnMarked,73843.608597,27296.527968000002
2011,1,Nooksack River Wild UnMarked,786.106331,3772.258305
2011,11,Samish River Wild UnMarked,1441.897036,3039.246541
2011,17,Skagit River Wild UnMarked,41298.401327,32157.161400999998
2011,23,Baker (Skagit) Wild UnMarked,2620.014329,2040.084409
2011,29,Stillaguamish River Wild UnMarked,49989.814179,11333.755306000001
2011,35,Snohomish River Wild UnMarked,111375.803181,26035.05829
2011,45,Area 12/12B Wild UnMarked,9100.218025,5122.595086
2011,51,Area 12A Wild UnMarked,803.278543,1604.245898
2011,55,Area 12C/12D Wild UnMarked,10020.907788,16653.073783
2011,59,Skokomish River Wild UnMarked,5247.566859,10679.286383
2011,61,Area 13B Miscellaneous Wild UnMarked,754.341066,543.090307
2011,63,Deschutes River (WA) Wild UnMarked,98.284501,57.692224
2011,69,Nisqually River Wild UnMarked,1146.696748,2938.694903
2011,75,Area 13 Miscellaneous Wild UnMarked,84.07929,15.767947
2011,81,Area 13A Miscellaneous Wild UnMarked,806.003934,331.632495
2011,85,Puyallup River Wild UnMarked,25927.064517,20376.624375
2011,89,Area 11 Miscellaneous Wild UnMarked,490.982787,85.881242
2011,93,Area 10E Miscellaneous Wild UnMarked,1522.989891,768.948935
2011,97,Green River Wild UnMarked,4688.845447,7082.636594
2011,101,Lake Washington Wild UnMarked,476.473555,116.650665
2011,105,Area 10 Miscellaneous Wild UnMarked,570.99465,89.993607
2011,107,Dungeness River Wild UnMarked,1866.680135,1783.427093
2011,111,Elwha River Wild UnMarked,688.94448,303.677135
2011,115,East JDF Miscellaneous Wild UnMarked,3796.614474,347.721493
2011,117,West JDF Miscellaneous Wild UnMarked,6934.333718,636.123248
2011,127,Quillayute River Summer Natural UnMarked,1653.085279,1644.306253
2011,131,Quillayute River Fall Natural UnMarked,8066.79239,5280.709787
2011,135,Hoh River Wild UnMarked,7890.738734,5087.383868999999
2011,139,Queets River Fall Natural UnMarked,9084.252299,6085.323746
2011,145,Quinault River Fall Natural UnMarked,25690.985289,21655.044674
2011,149,Chehalis River Wild UnMarked,47449.153609,27775.337867
2011,153,Humptulips River Wild UnMarked,4641.230221,5726.684658
2011,157,Grays Harbor Miscellaneous Wild UnMarked,557.782619,58.010156
2011,161,Willapa Bay Natural UnMarked,27191.470375,34375.680485
2012,1,Nooksack River Wild UnMarked,1326.969724,4615.413902
2012,11,Samish River Wild UnMarked,8272.788959,9186.955335
2012,17,Skagit River Wild UnMarked,88228.384472,44098.811893
2012,23,Baker (Skagit) Wild UnMarked,4454.839225,2226.64306
2012,29,Stillaguamish River Wild UnMarked,45155.107736,15362.556486
2012,35,Snohomish River Wild UnMarked,130639.445957,45010.36225
2012,45,Area 12/12B Wild UnMarked,22392.559775,17322.603942
2012,51,Area 12A Wild UnMarked,632.361367,1947.63991
2012,55,Area 12C/12D Wild UnMarked,24661.934914,37477.158154000004
2012,59,Skokomish River Wild UnMarked,4703.971296,18550.917955
2012,61,Area 13B Miscellaneous Wild UnMarked,4075.870622,4614.789029
2012,63,Deschutes River (WA) Wild UnMarked,2314.186021,1974.637056
2012,69,Nisqually River Wild UnMarked,11534.050126,15068.311509
2012,75,Area 13 Miscellaneous Wild UnMarked,453.004593,136.958312
2012,81,Area 13A Miscellaneous Wild UnMarked,1706.933292,947.146014
2012,85,Puyallup River Wild UnMarked,26738.121071,28963.078243
2012,89,Area 11 Miscellaneous Wild UnMarked,817.984091,240.126517
2012,93,Area 10E Miscellaneous Wild UnMarked,2535.843907,1117.451179
2012,97,Green River Wild UnMarked,6797.668731,12984.771681
2012,101,Lake Washington Wild UnMarked,2153.286571,1147.895677
2012,105,Area 10 Miscellaneous Wild UnMarked,951.987374,223.302608
2012,107,Dungeness River Wild UnMarked,1383.075545,1720.939628
2012,111,Elwha River Wild UnMarked,692.029325,99.523089
2012,115,East JDF Miscellaneous Wild UnMarked,4817.236479,660.251589
2012,117,West JDF Miscellaneous Wild UnMarked,6203.08199,853.554296
2012,127,Quillayute River Summer Natural UnMarked,671.057691,1441.613127
2012,131,Quillayute River Fall Natural UnMarked,5841.070266,6973.802411000001
2012,135,Hoh River Wild UnMarked,3983.357593,4105.48978
2012,139,Queets River Fall Natural UnMarked,4614.585172,4578.9858779999995
2012,145,Quinault River Fall Natural UnMarked,12417.612136,14004.149554
2012,149,Chehalis River Wild UnMarked,52490.079372,46492.22323
2012,153,Humptulips River Wild UnMarked,1252.802648,2179.921077
2012,157,Grays Harbor Miscellaneous Wild UnMarked,1215.287276,292.202158
2012,161,Willapa Bay Natural UnMarked,18691.200162,21919.435138999997
2013,1,Nooksack River Wild UnMarked,2215.984534,12407.898666000001
2013,11,Samish River Wild UnMarked,18277.555735,19206.112105
2013,17,Skagit River Wild UnMarked,83049.092683,62863.299569
2013,23,Baker (Skagit) Wild UnMarked,2702.860806,2045.907369
2013,29,Stillaguamish River Wild UnMarked,60386.239622,17679.746426
2013,35,Snohomish River Wild UnMarked,125871.989205,50108.294903
2013,45,Area 12/12B Wild UnMarked,6776.700106,5618.617146
2013,51,Area 12A Wild UnMarked,111.860469,402.776123
2013,55,Area 12C/12D Wild UnMarked,7463.797046,12215.069127
2013,59,Skokomish River Wild UnMarked,1796.876937,4010.911923
2013,61,Area 13B Miscellaneous Wild UnMarked,2921.821063,2353.320143
2013,63,Deschutes River (WA) Wild UnMarked,37.938624,28.333656
2013,69,Nisqually River Wild UnMarked,6368.544232,6094.807214
2013,75,Area 13 Miscellaneous Wild UnMarked,325.033559,93.817516
2013,81,Area 13A Miscellaneous Wild UnMarked,663.955029,227.76104899999999
2013,85,Puyallup River Wild UnMarked,8908.74913,22459.557902
2013,89,Area 11 Miscellaneous Wild UnMarked,406.976535,116.059878
2013,93,Area 10E Miscellaneous Wild UnMarked,1263.12911,1115.088761
2013,97,Green River Wild UnMarked,6596.192782,18872.786828
2013,101,Lake Washington Wild UnMarked,2778.627102,1503.67301
2013,105,Area 10 Miscellaneous Wild UnMarked,473.996482,128.207144
2013,107,Dungeness River Wild UnMarked,934.986397,1025.916625
2013,111,Elwha River Wild UnMarked,167.97588,25.433737999999998
2013,115,East JDF Miscellaneous Wild UnMarked,1741.97582,266.082372
2013,117,West JDF Miscellaneous Wild UnMarked,6716.779583,1075.221139
2013,127,Quillayute River Summer Natural UnMarked,450.661138,784.64924799999994
2013,131,Quillayute River Fall Natural UnMarked,7058.504551,8729.305144
2013,135,Hoh River Wild UnMarked,2839.936411,6311.979458000001
2013,139,Queets River Fall Natural UnMarked,6140.672907,3791.053888
2013,145,Quinault River Fall Natural UnMarked,23327.316949,13975.262246
2013,149,Chehalis River Wild UnMarked,40432.94398,31757.424057
2013,153,Humptulips River Wild UnMarked,3178.951634,3731.020364
2013,157,Grays Harbor Miscellaneous Wild UnMarked,1052.730193,170.295345
2013,161,Willapa Bay Natural UnMarked,22552.908395,14119.281216
2014,1,Nooksack River Wild UnMarked,527.842494,1740.5471710000002
2014,11,Samish River Wild UnMarked,4927.053466,5276.104906
2014,17,Skagit River Wild UnMarked,22577.220753,24455.02736
2014,23,Baker (Skagit) Wild UnMarked,2238.768809,2424.973121
2014,29,Stillaguamish River Wild UnMarked,35826.865342,13311.296216
2014,35,Snohomish River Wild UnMarked,46242.874375,20391.83367
2014,45,Area 12/12B Wild UnMarked,8306.900009,9326.200497
2014,51,Area 12A Wild UnMarked,240.72084,418.002694
2014,55,Area 12C/12D Wild UnMarked,9142.900434,24169.008592
2014,59,Skokomish River Wild UnMarked,4637.40047,14013.506662
2014,61,Area 13B Miscellaneous Wild UnMarked,572.571656,692.327367
2014,63,Deschutes River (WA) Wild UnMarked,26.803542,19.867691
2014,69,Nisqually River Wild UnMarked,3557.134433,3760.121483
2014,75,Area 13 Miscellaneous Wild UnMarked,63.97953,23.076161
2014,81,Area 13A Miscellaneous Wild UnMarked,59.999078,24.857001999999998
2014,85,Puyallup River Wild UnMarked,9996.883714,16194.462401
2014,89,Area 11 Miscellaneous Wild UnMarked,540.969476,193.207975
2014,93,Area 10E Miscellaneous Wild UnMarked,1676.078809,829.646708
2014,97,Green River Wild UnMarked,3058.96053,8017.334809
2014,101,Lake Washington Wild UnMarked,581.614693,380.662376
2014,105,Area 10 Miscellaneous Wild UnMarked,628.955684,200.456525
2014,107,Dungeness River Wild UnMarked,687.784617,1091.629803
2014,111,Elwha River Wild UnMarked,35.992618,7.107924
2014,115,East JDF Miscellaneous Wild UnMarked,3835.506485,764.925435
2014,117,West JDF Miscellaneous Wild UnMarked,7651.135595,1559.907861
2014,127,Quillayute River Summer Natural UnMarked,686.672693,1487.518701
2014,131,Quillayute River Fall Natural UnMarked,7400.611805,9857.407637
2014,135,Hoh River Wild UnMarked,4404.4603,4731.745274
2014,139,Queets River Fall Natural UnMarked,7454.848854,5448.02045
2014,145,Quinault River Fall Natural UnMarked,52719.640378,37701.362256
2014,149,Chehalis River Wild UnMarked,71550.317819,58603.045937
2014,153,Humptulips River Wild UnMarked,10845.867355,9788.646222
2014,157,Grays Harbor Miscellaneous Wild UnMarked,1866.216841,258.252074
2014,161,Willapa Bay Natural UnMarked,46669.691471,48915.964171
2015,1,Nooksack River Wild UnMarked,696.313364,961.615951
2015,11,Samish River Wild UnMarked,663.227355,570.275094
2015,17,Skagit River Wild UnMarked,4814.065837,8076.28053
2015,23,Baker (Skagit) Wild UnMarked,978.93002,1642.294429
2015,29,Stillaguamish River Wild UnMarked,2914.858896,2539.682894
2015,35,Snohomish River Wild UnMarked,12807.634303,14785.041303
2015,45,Area 12/12B Wild UnMarked,12236.569228,16268.691271
2015,51,Area 12A Wild UnMarked,239.325001,627.420402
2015,55,Area 12C/12D Wild UnMarked,13476.528409,19678.964093
2015,59,Skokomish River Wild UnMarked,588.491956,1449.595428
2015,61,Area 13B Miscellaneous Wild UnMarked,298.984644,460.894094
2015,63,Deschutes River (WA) Wild UnMarked,506.223118,527.4659409999999
2015,69,Nisqually River Wild UnMarked,2148.26579,2907.659328
2015,75,Area 13 Miscellaneous Wild UnMarked,33.010192,23.215335
2015,81,Area 13A Miscellaneous Wild UnMarked,2.999664,2.111928
2015,85,Puyallup River Wild UnMarked,9947.841286,11368.699865
2015,89,Area 11 Miscellaneous Wild UnMarked,106.012115,73.00191099999999
2015,93,Area 10E Miscellaneous Wild UnMarked,328.101009,213.021036
2015,97,Green River Wild UnMarked,1521.41733,1583.0992680000002
2015,101,Lake Washington Wild UnMarked,1395.847185,1005.1820250000001
2015,105,Area 10 Miscellaneous Wild UnMarked,123.035762,77.250945
2015,107,Dungeness River Wild UnMarked,205.046131,199.802873
2015,111,Elwha River Wild UnMarked,5.009171,1.039372
2015,115,East JDF Miscellaneous Wild UnMarked,1808.04224,378.956325
2015,117,West JDF Miscellaneous Wild UnMarked,2051.835411,471.93563
2015,127,Quillayute River Summer Natural UnMarked,666.522473,691.354946
2015,131,Quillayute River Fall Natural UnMarked,2537.563853,2262.083948
2015,135,Hoh River Wild UnMarked,1779.340059,1148.310711
2015,139,Queets River Fall Natural UnMarked,1749.794879,998.517771
2015,145,Quinault River Fall Natural UnMarked,17259.733751,7350.036632
2015,149,Chehalis River Wild UnMarked,15312.920616,14279.837162
2015,153,Humptulips River Wild UnMarked,627.780772,1025.815244
2015,157,Grays Harbor Miscellaneous Wild UnMarked,392.059124,75.685832
2015,161,Willapa Bay Natural UnMarked,10469.24964,8162.899307000001
2016,1,Nooksack River Wild UnMarked,1648.906786,5779.393811
2016,11,Samish River Wild UnMarked,5563.79044,4460.700493
2016,17,Skagit River Wild UnMarked,32371.222345,8056.253346
2016,23,Baker (Skagit) Wild UnMarked,3449.767268,858.546493
2016,29,Stillaguamish River Wild UnMarked,13047.641725,2571.113699
2016,35,Snohomish River Wild UnMarked,44143.672725,9993.656766
2016,45,Area 12/12B Wild UnMarked,6582.834967,2021.57044
2016,51,Area 12A Wild UnMarked,379.34098,2068.208309
2016,55,Area 12C/12D Wild UnMarked,7249.649349,6479.033386
2016,59,Skokomish River Wild UnMarked,5232.16907,4262.926474
2016,61,Area 13B Miscellaneous Wild UnMarked,5995.304135,2741.6236129999998
2016,63,Deschutes River (WA) Wild UnMarked,262.098072,96.186816
2016,69,Nisqually River Wild UnMarked,9857.980195,1023.5863439999999
2016,75,Area 13 Miscellaneous Wild UnMarked,667.091815,23.839610999999998
2016,81,Area 13A Miscellaneous Wild UnMarked,593.983399,25.293267
2016,85,Puyallup River Wild UnMarked,16671.744123,624.625929
2016,89,Area 11 Miscellaneous Wild UnMarked,252.963631,8.103168
2016,93,Area 10E Miscellaneous Wild UnMarked,1664.890237,1071.72414
2016,97,Green River Wild UnMarked,729.031256,946.863449
2016,101,Lake Washington Wild UnMarked,178.230089,285.57326
2016,105,Area 10 Miscellaneous Wild UnMarked,514.001984,15.833464999999999
2016,107,Dungeness River Wild UnMarked,663.008672,867.909317
2016,111,Elwha River Wild UnMarked,73.987469,2.094593
2016,115,East JDF Miscellaneous Wild UnMarked,1999.051325,57.086275
2016,117,West JDF Miscellaneous Wild UnMarked,6435.527994,200.541936
2016,127,Quillayute River Summer Natural UnMarked,771.829459,325.157961
2016,131,Quillayute River Fall Natural UnMarked,9544.744548,2150.870981
2016,135,Hoh River Wild UnMarked,4989.480044,427.736231
2016,139,Queets River Fall Natural UnMarked,4555.622927,1514.45
2016,145,Quinault River Fall Natural UnMarked,11485.94215,13990.430872
2016,149,Chehalis River Wild UnMarked,26853.814543,2677.725304
2016,153,Humptulips River Wild UnMarked,2360.054359,1321.274217
2016,157,Grays Harbor Miscellaneous Wild UnMarked,2052.133241,65.857295
2016,161,Willapa Bay Natural UnMarked,25132.606554,15330.529747999999
2017,1,Nooksack River Wild UnMarked,747.159473,1644.315856
2017,11,Samish River Wild UnMarked,2510.35507,1342.357209
2017,17,Skagit River Wild UnMarked,17955.141191,1864.75112
2017,23,Baker (Skagit) Wild UnMarked,2227.115686,231.299566
2017,29,Stillaguamish River Wild UnMarked,6099.645258,818.010749
2017,35,Snohomish River Wild UnMarked,18196.329494,4994.043273
2017,45,Area 12/12B Wild UnMarked,10348.662054,3648.91118
2017,51,Area 12A Wild UnMarked,304.832166,7880.316606
2017,55,Area 12C/12D Wild UnMarked,11396.173852,8107.109291
2017,59,Skokomish River Wild UnMarked,762.343014,699.5919
2017,61,Area 13B Miscellaneous Wild UnMarked,857.303066,1340.928594
2017,63,Deschutes River (WA) Wild UnMarked,98.782697,52.775721000000004
2017,69,Nisqually River Wild UnMarked,6986.649233,5411.545492
2017,75,Area 13 Miscellaneous Wild UnMarked,94.984937,11.999081
2017,81,Area 13A Miscellaneous Wild UnMarked,405.005037,73.621182
2017,85,Puyallup River Wild UnMarked,16762.721428,8404.306826
2017,89,Area 11 Miscellaneous Wild UnMarked,113.009878,13.912433
2017,93,Area 10E Miscellaneous Wild UnMarked,742.25862299999994,231.243642
2017,97,Green River Wild UnMarked,209.985193,862.047803
2017,101,Lake Washington Wild UnMarked,56.058174,83.340058
2017,105,Area 10 Miscellaneous Wild UnMarked,228.983464,22.94517
2017,107,Dungeness River Wild UnMarked,1081.012295,1174.63608
2017,111,Elwha River Wild UnMarked,52.027301,2.9523550000000003
2017,115,East JDF Miscellaneous Wild UnMarked,1736.930014,99.434975
2017,117,West JDF Miscellaneous Wild UnMarked,3792.771647,226.809066
2017,127,Quillayute River Summer Natural UnMarked,685.103581,806.166688
2017,131,Quillayute River Fall Natural UnMarked,7467.069021,5464.395496
2017,135,Hoh River Wild UnMarked,3450.313982,2593.438173
2017,139,Queets River Fall Natural UnMarked,5242.067662,1554.969474
2017,145,Quinault River Fall Natural UnMarked,19338.397492,15775.371276
2017,149,Chehalis River Wild UnMarked,22497.75264,8949.79931
2017,153,Humptulips River Wild UnMarked,2222.326073,3067.520244
2017,157,Grays Harbor Miscellaneous Wild UnMarked,557.690774,49.396974
2017,161,Willapa Bay Natural UnMarked,9661.79809,4656.852886
2018,1,Nooksack River Wild UnMarked,2412.105721,10020.952762
2018,11,Samish River Wild UnMarked,5208.615334,3964.173493
2018,17,Skagit River Wild UnMarked,16972.099419,15923.245111
2018,23,Baker (Skagit) Wild UnMarked,2071.813928,1943.778486
2018,29,Stillaguamish River Wild UnMarked,23936.750708,6948.156621
2018,35,Snohomish River Wild UnMarked,58129.27067,19451.425107
2018,45,Area 12/12B Wild UnMarked,3558.979498,1471.120541
2018,51,Area 12A Wild UnMarked,99.8329,366.976849
2018,55,Area 12C/12D Wild UnMarked,3916.791282,8177.972933
2018,59,Skokomish River Wild UnMarked,506.448832,1064.867579
2018,61,Area 13B Miscellaneous Wild UnMarked,5538.657848,5721.856949
2018,63,Deschutes River (WA) Wild UnMarked,194.968856,161.599345
2018,69,Nisqually River Wild UnMarked,1257.4895,1392.716878
2018,75,Area 13 Miscellaneous Wild UnMarked,645.921909,193.146291
2018,81,Area 13A Miscellaneous Wild UnMarked,164.002966,68.361662
2018,85,Puyallup River Wild UnMarked,12406.521604,14310.811072
2018,89,Area 11 Miscellaneous Wild UnMarked,34.978848,9.435671
2018,93,Area 10E Miscellaneous Wild UnMarked,229.953834,50.357908
2018,97,Green River Wild UnMarked,842.814069,2163.598368
2018,101,Lake Washington Wild UnMarked,32.570837,22.84046
2018,105,Area 10 Miscellaneous Wild UnMarked,71.022691,15.37175
2018,107,Dungeness River Wild UnMarked,78.005468,148.874912
2018,111,Elwha River Wild UnMarked,1.019213,0.086504
2018,115,East JDF Miscellaneous Wild UnMarked,1815.05542,155.395069
2018,117,West JDF Miscellaneous Wild UnMarked,3654.876052,313.98197899999997
2018,127,Quillayute River Summer Natural UnMarked,232.81945,144.54903199999998
2018,131,Quillayute River Fall Natural UnMarked,6089.08776,2577.216236
2018,135,Hoh River Wild UnMarked,2453.722451,1285.335061
2018,139,Queets River Fall Natural UnMarked,2208.631154,1237.646937
2018,145,Quinault River Fall Natural UnMarked,12011.756958,7758.327577
2018,149,Chehalis River Wild UnMarked,44273.02389,12124.344439
2018,153,Humptulips River Wild UnMarked,1070.987902,984.968075
2018,157,Grays Harbor Miscellaneous Wild UnMarked,2133.886946,190.221831
2018,161,Willapa Bay Natural UnMarked,11765.347422,5277.690515
2019,1,Nooksack River Wild UnMarked,11789.730757,17183.347922
2019,11,Samish River Wild UnMarked,4372.37494,2157.803808
2019,17,Skagit River Wild UnMarked,11331.359863,10544.243025
2019,23,Baker (Skagit) Wild UnMarked,2912.853853,2710.516589
2019,29,Stillaguamish River Wild UnMarked,12887.15032,3277.601098
2019,35,Snohomish River Wild UnMarked,40312.054078,8359.396076
2019,45,Area 12/12B Wild UnMarked,3464.630277,1592.79673
2019,51,Area 12A Wild UnMarked,256.910178,218.434349
2019,55,Area 12C/12D Wild UnMarked,3815.484973,4479.615914999999
2019,59,Skokomish River Wild UnMarked,627.559114,686.2026149999999
2019,61,Area 13B Miscellaneous Wild UnMarked,3190.002407,4292.779169
2019,63,Deschutes River (WA) Wild UnMarked,225.987444,195.73857
2019,69,Nisqually River Wild UnMarked,2336.661371,1812.849149
2019,75,Area 13 Miscellaneous Wild UnMarked,412.079714,152.974597
2019,81,Area 13A Miscellaneous Wild UnMarked,968.018977,390.864569
2019,85,Puyallup River Wild UnMarked,14247.411874,15321.873639
2019,89,Area 11 Miscellaneous Wild UnMarked,23.99958,8.723889999999999
2019,93,Area 10E Miscellaneous Wild UnMarked,888.091122,326.662463
2019,97,Green River Wild UnMarked,336.897616,244.085255
2019,101,Lake Washington Wild UnMarked,103.890936,98.327536
2019,105,Area 10 Miscellaneous Wild UnMarked,331.026808,111.246285
2019,107,Dungeness River Wild UnMarked,110.001937,129.927577
2019,111,Elwha River Wild UnMarked,813.107484,108.121361
2019,115,East JDF Miscellaneous Wild UnMarked,1308.202369,175.325176
2019,117,West JDF Miscellaneous Wild UnMarked,3317.019718,457.22823600000004
2019,127,Quillayute River Summer Natural UnMarked,498.604305,334.802572
2019,131,Quillayute River Fall Natural UnMarked,6847.556187,4057.909938
2019,135,Hoh River Wild UnMarked,2236.631192,2920.510151
2019,139,Queets River Fall Natural UnMarked,2316.434357,1627.663763
2019,145,Quinault River Fall Natural UnMarked,15391.905758,5240.750185
2019,149,Chehalis River Wild UnMarked,26566.843037,18116.219043
2019,153,Humptulips River Wild UnMarked,1316.697553,1583.771659
2019,157,Grays Harbor Miscellaneous Wild UnMarked,2923.017357,487.070715
2019,161,Willapa Bay Natural UnMarked,11731.686315,7649.507185
